{
  "n_patches": 16,
  "n_layers": 4,
  "mesh_size": 256,
  "layer_errors": [
    1.6079405369641226e-15,
    1.1672794788687816e-15,
    1.2711057271855315e-15,
    1.875749542877341e-15
  ],
  "patch_errors": [
    [
      1.1428300063438832e-15,
      1.932362998110173e-15,
      1.895666230083038e-15,
      1.271029793293356e-15,
      1.4703439777853436e-15,
      1.5144557801158156e-15,
      2.3374831218166663e-15,
      2.8654506634667565e-15,
      1.5338428773986526e-15,
      1.0011427818532033e-15,
      1.1894290011205064e-15,
      1.4820082381481553e-15,
      1.4108223870009537e-15,
      1.4517005693915918e-15,
      1.5313368851063691e-15,
      1.6971432803914989e-15
    ],
    [
      1.7243358160112953e-15,
      1.6602266533109606e-15,
      7.731515936656098e-16,
      1.1779921072862694e-15,
      4.662500679322514e-16,
      1.1136133762049311e-15,
      7.651508253283598e-16,
      1.2436645276304854e-15,
      8.995391152370793e-16,
      2.397064435481702e-15,
      1.2399571395131522e-15,
      6.929036114033569e-16,
      5.465214615126839e-16,
      2.0213764710638885e-15,
      6.757440618966473e-16,
      1.2789803984218335e-15
    ],
    [
      1.0871250173640843e-15,
      9.250357108677475e-16,
      9.453651070230647e-16,
      1.8235300153368115e-15,
      2.178688822005564e-15,
      1.6482108864169193e-15,
      1.1561000659394018e-15,
      1.0879837163454527e-15,
      1.4215402493472527e-15,
      8.805933882386455e-16,
      1.5165739260878408e-15,
      1.552430613736998e-15,
      8.024231916312754e-16,
      9.349322889481447e-16,
      1.2650900402469683e-15,
      1.1120685954323338e-15
    ],
    [
      1.6911898492778706e-15,
      1.2139099307315163e-15,
      1.574836280919837e-15,
      1.2482335749540693e-15,
      2.8462215354631466e-15,
      2.8254601007815737e-15,
      2.725625623880196e-15,
      2.7476919355808343e-15,
      1.8965418832977087e-15,
      9.074388933355216e-16,
      1.37448401514984e-15,
      1.5965661481508973e-15,
      1.8295877735197654e-15,
      2.376688526049859e-15,
      1.797678052187936e-15,
      1.359838562756881e-15
    ]
  ],
  "layer_names": [
    "attn.q_proj",
    "attn.k_proj",
    "attn.v_proj",
    "attn.o_proj"
  ],
  "image_name": "synthetic_xray",
  "image_shape": [
    512,
    512
  ],
  "patch_size": 16,
  "image_size": 128,
  "rank": 8,
  "elapsed_s": 84.6891040802002
}